aspirin heart ,heart disease treatment
CAD risk,Coronary artery disease
CAD signs,Coronary artery disease symptoms
CAD symptoms,Coronary artery disease symptoms
CAD treatment,Coronary artery disease treatment
cardiovascular diseases,heart disease
cholesterol heart disease,heart disease causes
cholesterol-lowering drug,heart disease treatment
Coronary artery disease,Coronary artery disease
Coronary heart disease,Coronary artery disease
Coronary heart disease risk,Coronary artery disease
Coronary heart disease signs,Coronary artery disease symptoms
Coronary heart disease symptoms,Coronary artery disease symptoms
Coronary heart disease treatment,Coronary artery disease treatment
Diabetes heart attack,heart attack causes
female heart disease,heart disease
heart attack,heart attack
heart attack Coughing,heart attack symptoms
heart attack reasons,heart attack causes
heart attack risk ,heart attack
heart attack signs,heart attack symptoms
heart attack symptoms,heart attack symptoms
heart attack treatment,heart attack treatment
heart Chest pain,heart disease symptoms
heart cold sweat,heart disease symptoms
heart disease age,heart disease
heart disease arteries ,Coronary artery disease
heart disease CAD,Coronary artery disease
heart disease CHD,Coronary artery disease
heart disease drugs,heart disease treatment
heart disease facts,heart disease
heart disease fake news,heart disease
heart disease medications,heart disease treatment
heart disease misinformation,heart disease
heart disease Myths,heart disease
heart disease plaque buildup,Coronary artery disease
heart disease treatment,heart disease treatment
heart pain,heart disease symptoms
heart pain signs,heart disease symptoms
heart Shortness of breath,heart disease symptoms
heart shoulders discomfort,heart disease symptoms
heart stroke,heart disease
heart stroke signs,heart disease symptoms
Heart Surgery,heart disease treatment
Heart surgery infections,heart disease treatment
Heart transplant,heart disease treatment
Heart valve repair,heart disease treatment
high blood pressure,heart disease causes
ischemic heart disease,Coronary artery disease
legs pain heart,heart disease symptoms
male Heart Disease,heart disease
Man Heart Disease,heart disease
Mimic Heart Attack,heart attack symptoms
minor heart attack,heart attack symptoms
nSTEMI Heart attacks ,heart attack
saturated fats heart disease,heart disease causes
smoking heart attack,heart attack causes
stable Angina chest pain,heart disease symptoms
statins side effects,heart disease treatment
STEMI Heart attacks  ,heart attack
suspected heart diseases,heart disease
Types of Heart Medications,heart disease treatment
unsaturated fats disease,heart disease causes
Unstable Angina chest pain,heart disease symptoms
vitamins heart disease,heart disease treatment
Woman heart disease,heart disease
